{
    "accuracy": 0.784452296819788,
    "precision": 0.774657086871326,
    "recall": 0.7843915343915344,
    "auc": 0.868487866379809
}